player_name,season,season_type,receptions,targets,receiving_yards,receiving_tds,receiving_fumbles,receiving_fumbles_lost,receiving_air_yards,receiving_yards_after_catch,receiving_first_downs,receiving_epa,receiving_2pt_conversions,racr,target_share,air_yards_share,wopr_x,fantasy_points,fantasy_points_ppr,games,age,years_exp,height,weight,Name,Position,Age,YOE,Prev Team,AAV,Type
Keenan Allen,2024,REG,70,121,744.0,7,1.0,0.0,1115.0,240.0,43.0,23.16483989555049,0,13.138534043433602,3.9753152352731083,4.777649076568629,9.307327206507702,114.4,184.4,15,32.0,11,74.0,211,Keenan Allen,WR,32.8,12.0,CHI,20025000,UFA
Robert Woods,2024,REG,20,30,203.0,0,3.0,1.0,284.0,73.0,12.0,0.9846309969664491,0,9.211095592503307,0.9131768400101755,0.9971248430380422,2.067752650141893,18.3,38.3,12,32.0,11,72.0,193,Robert Woods,WR,32.8,12.0,HOU,7625000,UFA
DeAndre Hopkins,2024,REG,56,80,610.0,5,1.0,0.0,896.0,109.0,35.0,19.209225964236232,0,11.285996671611127,2.3191714930481973,3.7987275885204985,6.137866551536645,91.0,147.0,16,32.0,11,73.0,212,DeAndre Hopkins,WR,32.7,12.0,KC,13000000,UFA
Brandin Cooks,2024,REG,26,54,259.0,3,0.0,0.0,634.0,55.0,19.0,-11.122766286566897,0,5.751777715446384,1.657721592430076,2.4672794536240956,4.213678006181981,43.6,69.6,10,30.0,10,70.0,183,Brandin Cooks,WR,31.3,11.0,DAL,19882000,UFA
Allen Robinson,2024,REG,3,7,30.0,0,0.0,0.0,51.0,4.0,3.0,1.337494010900049,0,2.7416267942583734,0.2559302704463995,0.34067428899501184,0.6223674079661075,3.0,6.0,6,31.0,10,74.0,220,Allen Robinson,WR,31.4,11.0,DET,1210000,UFA
Amari Cooper,2024,REG,44,85,547.0,4,0.0,0.0,1161.0,111.0,24.0,6.906823084573158,0,8.483874416281513,2.690523731874312,4.356081451842356,7.085042614101117,78.7,122.7,13,30.0,9,73.0,211,Amari Cooper,WR,30.6,10.0,BUF,20000000,UFA
Nelson Agholor,2024,REG,14,29,231.0,2,0.0,0.0,387.0,85.0,10.0,7.0902632428853565,0,16.137290401110278,1.0569629078597358,1.6359130383518186,2.730583488635877,35.1,49.1,13,31.0,9,72.0,198,Nelson Agholor,WR,31.7,10.0,BAL,3750000,UFA
Stefon Diggs,2024,REG,47,64,496.0,3,0.0,0.0,556.0,185.0,31.0,18.081069017473652,0,9.639518074947317,1.9526569063590702,2.3482620631457003,4.572768803740595,74.92,121.92,8,30.0,9,72.0,191,Stefon Diggs,WR,31.2,10.0,HOU,22520000,UFA
Jamison Crowder,2024,REG,9,13,72.0,2,0.0,0.0,108.0,11.0,4.0,2.0736022491999746,0,1.9523809523809523,0.3924091141833077,0.3997137702246537,0.8684133104322191,19.2,28.2,4,31.0,9,69.0,177,Jamison Crowder,WR,31.6,10.0,WAS,1310000,UFA
Chris Conley,2024,REG,6,12,76.0,0,0.0,0.0,207.0,19.0,3.0,-1.8939166229683906,0,4.421985815602836,0.3706943952105243,0.7441363109785556,1.0769370105007754,7.6000000000000005,13.6,7,31.0,9,75.0,205,Chris Conley,WR,32.2,10.0,SF,1550000,UFA
Sterling Shepard,2024,REG,32,51,334.0,1,0.0,0.0,473.0,99.0,16.0,14.565427973854899,1,9.727801160231328,1.5227304059211837,2.2245592442404134,3.8412870798500647,48.300000000000004,80.3,13,31.0,8,70.0,201,Sterling Shepard,WR,32.0,9.0,TB,1210000,UFA
Demarcus Robinson,2024,REG,31,64,505.0,7,0.0,0.0,983.0,71.0,27.0,10.128387025030207,0,7.741325017410342,1.9476481673815862,4.282320308564567,5.919096467067575,92.5,123.5,17,29.0,8,73.0,203,Demarcus Robinson,WR,30.3,9.0,LAR,4000000,UFA
Tyler Boyd,2024,REG,39,57,390.0,0,0.0,0.0,420.0,189.0,20.0,3.8258736898387156,0,21.494144427262874,1.8845962279233337,1.8072974583553312,4.092002562733732,39.300000000000004,78.3,15,29.0,8,74.0,203,Tyler Boyd,WR,30.2,9.0,TEN,2400000,UFA
Tim Patrick,2024,REG,33,44,394.0,3,0.0,0.0,439.0,141.0,20.0,18.695532686152028,1,14.743854939796256,1.336772789102329,2.255969676859657,3.5843379574552534,59.400000000000006,92.4,15,30.0,7,76.0,212,Tim Patrick,WR,31.2,7.0,DET,1125000,UFA
Mike Williams,2024,REG,21,34,298.0,1,0.0,0.0,518.0,35.0,14.0,15.48235466580683,0,9.254194997701976,1.0619062864195947,2.2108685483721637,3.1404674134899064,35.800000000000004,56.8,13,29.0,7,76.0,218,Mike Williams,WR,30.3,8.0,PIT,10000000,UFA
Mack Hollins,2024,REG,31,50,378.0,5,0.0,0.0,649.0,90.0,25.0,24.44057267723045,0,11.174183633674744,1.6879953827362337,2.391220555116681,4.205847462686028,67.8,98.8,16,30.0,7,76.0,221,Mack Hollins,WR,31.3,8.0,BUF,2600000,UFA
David Moore,2024,REG,32,57,351.0,3,0.0,0.0,631.0,60.0,18.0,8.29301634245876,0,9.480138771246986,1.834771397794947,2.438266450149689,4.458943611797203,53.1,85.10000000000001,14,29.0,7,72.0,215,David Moore,WR,30.0,6.0,CAR,1125000,UFA
Noah Brown,2024,REG,35,56,453.0,1,0.0,0.0,637.0,83.0,21.0,12.031629731719002,0,9.12873745636588,1.913101676540002,3.060719150173586,5.012155919931513,51.300000000000004,86.30000000000001,11,28.0,7,74.0,225,Noah Brown,WR,29.1,8.0,WAS,1210000,UFA
JuJu Smith-Schuster,2024,REG,18,26,231.0,2,0.0,0.0,143.0,155.0,11.0,1.2846852903427872,0,15.313630229419703,0.794872135961281,0.7926720171136051,1.747178615921445,35.1,53.1,11,27.0,7,73.0,215,JuJu Smith-Schuster,WR,28.2,8.0,KC,1210000,UFA
Zay Jones,2024,REG,8,11,84.0,0,0.0,0.0,119.0,19.0,5.0,-0.47508573124650866,0,3.230952380952381,0.33366489598875,0.6010886954342924,0.9212594307871296,8.4,16.400000000000002,6,29.0,7,74.0,200,Zay Jones,WR,29.8,8.0,ARI,2250000,UFA
Chris Godwin,2024,REG,50,62,576.0,5,1.0,0.0,356.0,350.0,32.0,35.511457796120396,0,12.045786463278723,1.971569771058853,2.0736919616100313,4.408939029715301,87.80000000000001,137.8,7,28.0,7,73.0,209,Chris Godwin,WR,28.9,8.0,TB,20000000,UFA
River Cracraft,2024,REG,7,9,66.0,0,0.0,0.0,71.0,11.0,4.0,4.595730058965273,0,3.741595925297114,0.2721899939641875,0.3509940288238977,0.6539808111230097,6.6000000000000005,13.600000000000001,4,29.0,7,72.0,200,River Cracraft,WR,30.2,6.0,MIA,1240000,UFA
Marquez Valdes-Scantling,2024,REG,19,44,411.0,4,0.0,0.0,765.0,143.0,14.0,10.253649778934477,0,6.172236486037731,1.4904654189043778,3.238803569894273,4.5028606272825575,65.5,84.5,13,29.0,6,76.0,207,Marquez Valdes-Scantling,WR,30.3,7.0,NO,1125000,UFA
Justin Watson,2024,REG,22,32,289.0,2,0.0,0.0,486.0,68.0,13.0,19.086959395985367,0,13.165940968687954,1.024190904240227,2.237224812145197,3.1023437248619787,40.9,62.9,15,28.0,6,74.0,215,Justin Watson,WR,29.8,7.0,KC,1700000,UFA
Braxton Berrios,2024,REG,0,4,0.0,0,0.0,0.0,26.0,0.0,0.0,-9.013496233848855,0,0.0,0.11484064709871161,0.11060327206629762,0.24968326109447575,0.0,0.0,3,28.0,6,69.0,190,Braxton Berrios,WR,29.3,7.0,MIA,2150000,UFA
Trent Sherfield,2024,REG,8,9,83.0,1,0.0,0.0,54.0,40.0,4.0,1.973562387865968,0,13.22202380952381,0.3215390489303533,0.23390750756821393,0.6460438286932797,14.3,22.3,8,28.0,6,73.0,219,Trent Sherfield,WR,28.9,7.0,MIN,1790000,UFA
Brandon Powell,2024,REG,7,10,71.0,0,0.0,0.0,102.0,12.0,5.0,5.094511381350458,0,7.210671936758893,0.3614041314041314,0.4361365802847068,0.8474018033054919,7.1000000000000005,14.1,7,28.0,6,68.0,189,Brandon Powell,WR,28.3,7.0,MIN,2000000,UFA
DJ Chark,2024,REG,4,10,31.0,1,0.0,0.0,115.0,7.0,1.0,-4.062413258827291,0,3.517857142857143,0.2826970443349754,0.3728299434942396,0.6850265269484308,9.1,13.1,4,27.0,6,75.0,198,DJ Chark,WR,28.3,7.0,LAC,3000000,UFA
Dante Pettis,2024,REG,12,28,120.0,1,0.0,0.0,282.0,36.0,8.0,-2.8346817793437045,1,3.356114799742986,0.9005799975504877,1.0691383884919377,2.099266868270088,20.0,32.0,8,28.0,6,73.0,195,Dante Pettis,WR,29.2,7.0,NO,1125000,UFA
Ashton Dulin,2024,REG,2,8,67.0,1,0.0,0.0,154.0,43.0,2.0,-6.190151987073477,0,3.383771929824561,0.3145551153870339,0.5144771629134367,0.8319666871199565,17.2,19.2,9,27.0,5,74.0,215,Ashton Dulin,WR,27.7,6.0,IND,3600000,UFA
Mecole Hardman,2024,REG,12,14,90.0,0,0.0,0.0,-14.0,99.0,6.0,4.308099643734749,0,18.142857142857142,0.4194212523719165,-0.09245264346108989,0.5644150281351118,21.200000000000003,33.2,7,26.0,5,70.0,187,Mecole Hardman,WR,26.8,6.0,KC,1125000,UFA
Olamide Zaccheaus,2024,REG,45,64,506.0,3,0.0,0.0,406.0,284.0,26.0,25.082292633426693,0,34.52643044255652,2.127366495488243,1.8169963418736859,4.462947182543945,69.4,114.4,15,27.0,5,68.0,193,Olamide Zaccheaus,WR,27.5,6.0,WAS,1275000,UFA
Diontae Johnson,2024,REG,33,67,375.0,3,0.0,0.0,731.0,91.0,21.0,-17.98220351655812,0,4.3853216474008025,2.087095520703942,3.6735934999520485,5.7021587310223465,56.1,89.10000000000001,11,28.0,5,70.0,181,Diontae Johnson,WR,28.6,6.0,BAL,18355000,UFA
Greg Dortch,2024,REG,37,50,342.0,3,1.0,1.0,207.0,294.0,16.0,7.380935106859431,0,22.931154935463137,1.6472427338890232,0.8356630409577743,3.0558282295039767,53.3,90.3,17,26.0,5,67.0,173,Greg Dortch,WR,26.7,6.0,ARI,1067500,UFA
Darius Slayton,2024,REG,39,71,573.0,2,0.0,0.0,928.0,124.0,30.0,15.463928752080252,0,10.318910476694938,2.161820685048478,4.077882390175853,6.097248700695814,71.0,110.0,16,27.0,5,73.0,190,Darius Slayton,WR,28.0,6.0,NYG,6000000,UFA
Marquise Brown,2024,REG,9,15,91.0,0,0.0,0.0,123.0,46.0,5.0,4.157604897452984,0,1.490138592750533,0.37933247753530164,0.5505285328246702,0.9543686892802217,9.100000000000001,18.1,2,27.0,5,69.0,170,Marquise Brown,WR,27.7,6.0,KC,7000000,UFA
Cody White,2024,REG,2,3,44.0,0,0.0,0.0,40.0,13.0,2.0,2.547461475885939,0,1.1,0.08823529411764706,0.11461318051575932,0.21258216753750211,4.4,6.4,1,25.0,4,75.0,210,Cody White,WR,26.2,2.0,SEA,915000,ERFA
Dan Chisena,2024,REG,3,4,37.0,0,0.0,0.0,30.0,9.0,2.0,2.039961123140529,0,3.552941176470588,0.1531781226903178,0.1513673988608124,0.3357243632380454,3.7,6.7,3,27.0,4,75.0,202,Dan Chisena,WR,27.9,3.0,CAR,1055000,RFA
James Proche,2024,REG,3,3,21.0,0,0.0,0.0,17.0,4.0,1.0,0.9430871069780551,0,1.0,0.08530405405405406,0.04940077043800828,0.16253662038768688,2.1,5.1,2,27.0,4,71.0,193,James Proche,WR,28.3,5.0,CLE,1125000,UFA
Collin Johnson,2024,REG,1,2,6.0,0,0.0,0.0,16.0,3.0,1.0,-0.3189183409558609,0,2.0,0.06869369369369369,0.06000423908435778,0.14504350789959097,0.6000000000000001,1.6,2,26.0,4,78.0,215,Collin Johnson,WR,27.3,4.0,CHI,1055000,UFA
K.J. Osborn,2024,REG,7,18,57.0,1,0.0,0.0,107.0,16.0,2.0,-7.306763498627287,0,2.8,0.6617472513743128,0.5808662523332024,1.399227253694711,11.7,18.7,6,27.0,4,72.0,200,K.J. Osborn,WR,27.7,5.0,WAS,4000000,UFA
Jalen Reagor,2024,REG,7,12,100.0,0,1.0,1.0,123.0,26.0,3.0,-7.275862330124428,0,4.974121180003532,0.40206922620715724,0.3870872104601271,0.8740648866328248,7.7,14.7,7,25.0,4,71.0,195,Jalen Reagor,WR,26.1,5.0,LAC,1125000,UFA
Tee Higgins,2024,REG,73,109,911.0,10,1.0,1.0,1067.0,228.0,48.0,57.34829599279861,0,10.711024695073494,3.1320638070461313,4.145518094027732,7.599958376388609,149.1,222.10000000000002,12,25.0,4,76.0,210,Tee Higgins,WR,26.0,5.0,CIN,21816000,UFA
Van Jefferson,2024,REG,24,40,276.0,2,0.0,0.0,465.0,78.0,12.0,2.06995269989443,0,9.721974689195777,1.530227996779721,2.1164214342399257,3.776836999137529,39.6,63.6,15,28.0,4,73.0,197,Van Jefferson,WR,28.5,5.0,PIT,1292500,UFA
Tyler Johnson,2024,REG,26,41,291.0,1,0.0,0.0,229.0,183.0,10.0,-2.6642196009207817,0,12.91580434163091,1.270780564963253,1.055343171475597,2.644911067477797,35.1,61.1,11,26.0,4,73.0,205,Tyler Johnson,WR,26.4,4.0,LAR,1130000,UFA
Tim Jones,2024,REG,3,5,41.0,0,0.0,0.0,40.0,17.0,3.0,1.9941945006139576,0,3.2549019607843137,0.18095238095238095,0.1913804756243241,0.4053949043655983,4.1,7.1,3,26.0,3,73.0,202,Tim Jones,WR,26.8,3.0,JAX,853333,RFA
Dyami Brown,2024,REG,30,40,308.0,1,1.0,1.0,293.0,218.0,13.0,1.8323590611617762,0,15.242029216244902,1.3476360139507473,1.2859953741213535,2.921650782811068,37.4,67.4,15,24.0,3,72.0,185,Dyami Brown,WR,25.2,4.0,WAS,1236000,UFA
Tylan Wallace,2024,REG,11,12,193.0,1,0.0,0.0,74.0,127.0,5.0,12.686041927838232,0,15.280555555555555,0.41705045708291183,0.26758139730095687,0.8128826637350376,25.3,36.300000000000004,8,25.0,3,71.0,190,Tylan Wallace,WR,25.7,4.0,BAL,1041341,UFA
Ihmir Smith-Marsette,2024,REG,0,0,0.0,0,0.0,0.0,0.0,0.0,0.0,0.0,0,0.0,0.0,0.0,0.0,6.0,6.0,1,25.0,3,73.0,179,Ihmir Smith-Marsette,WR,25.4,4.0,NYG,1055000,UFA
Simi Fehoko,2024,REG,6,16,106.0,0,0.0,0.0,236.0,16.0,6.0,2.68425364916416,0,1.6428793713774459,0.5542173621969887,0.9600171114338187,1.503338021299156,10.600000000000001,16.6,5,26.0,3,76.0,227,Simi Fehoko,WR,27.2,4.0,LAC,1055000,UFA
Ben Skowronek,2024,REG,5,5,69.0,0,0.0,0.0,40.0,29.0,4.0,6.3531590475467965,0,9.625313283208019,0.18356990231990233,0.21085764265762083,0.42295520334018805,6.9,11.9,4,27.0,3,75.0,220,Ben Skowronek,WR,27.6,4.0,PIT,1055000,UFA
Jaelon Darden,2024,REG,1,1,6.0,0,0.0,0.0,-3.0,9.0,1.0,0.7367906065192074,0,0.0,0.043478260869565216,-0.023076923076923078,0.04906354515050167,0.6000000000000001,1.6,1,25.0,3,68.0,174,Jaelon Darden,WR,26.0,3.0,SEA,985000,RFA
Elijah Moore,2024,REG,61,102,538.0,1,0.0,0.0,950.0,133.0,25.0,-36.91097573652386,0,11.782137261766678,2.631863566350507,2.9341573018977023,6.0017054608541525,59.900000000000006,120.9,17,24.0,3,70.0,184,Elijah Moore,WR,24.8,4.0,CLE,2235107,UFA
Josh Palmer,2024,REG,39,65,584.0,1,0.0,0.0,991.0,101.0,28.0,25.21970903005195,2,12.251577266076753,2.1828070707042224,3.903244309888595,6.006481622978351,68.4,107.4,15,24.0,3,73.0,210,Josh Palmer,WR,25.3,4.0,LAC,1258110,UFA
Bo Melton,2024,REG,8,17,91.0,0,0.0,0.0,303.0,7.0,5.0,-1.1558007349667605,0,3.2457509157509157,0.5418884229562762,0.8988298601110603,1.4420135365121562,14.5,22.500000000000004,11,25.0,2,71.0,195,Bo Melton,WR,25.7,1.0,GB,915000,ERFA
Britain Covey,2024,REG,7,8,34.0,0,0.0,0.0,9.0,28.0,2.0,-0.0438859926071018,0,2.090909090909091,0.2934978589136804,0.06427044477891936,0.4852360997157642,3.4000000000000004,10.4,3,27.0,2,68.0,170,Britain Covey,WR,27.8,3.0,PHI,985000,RFA
Irvin Charles,2024,REG,0,1,0.0,0,0.0,0.0,3.0,0.0,0.0,-0.4098327741958201,0,0.0,0.02564102564102564,0.014778325123152709,0.04880636604774536,0.0,0.0,1,27.0,2,76.0,219,Irvin Charles,WR,27.8,2.0,NYJ,892500,ERFA
Deven Thompkins,2024,REG,4,4,20.0,0,0.0,0.0,-8.0,28.0,2.0,-0.12848315184237435,0,1.1666666666666667,0.12121212121212122,-0.03167160947135528,0.15964805518823313,2.7,6.7,4,24.0,2,68.0,155,Deven Thompkins,WR,25.1,3.0,CAR,985000,RFA
Grant DuBose,2024,REG,2,4,11.0,0,0.0,0.0,47.0,3.0,1.0,-4.104269569506869,0,0.25,0.10672210672210672,0.1440955428231267,0.26095004005934874,1.1,3.0999999999999996,2,23.0,1,74.0,200,Grant DuBose,WR,23.6,1.0,MIA,795000,ERFA
